test,oak_lambda,grass_lambda,stat,p_value
wald,9.583333333333334,12.5,-2.150032908918829,0.015776305888026313
score,9.583333333333334,12.5,-2.150032908918829,0.015776305888026313
sqrt,9.583333333333334,12.5,-2.1516876650613144,0.015710981148472705
