test,oak_lambda,grass_lambda,stat,p_value,post_hoc_power
wald,3.1944444444444446,4.166666666666667,-2.150032908918829,0.9842236941119736,30.24839593576284
score,3.1944444444444446,4.166666666666667,-2.150032908918829,0.9842236941119736,29.433499999999995
sqrt,3.1944444444444446,4.166666666666667,-2.1516876650613144,0.9842890188515273,31.458128418221794
exact-cond,3.1944444444444446,4.166666666666667,None,0.9865919347165776,30.00781415305848
cond-midp,3.1944444444444446,4.166666666666667,None,0.9841599754782573,33.54046844518842
