test,oak_lambda,grass_lambda,stat,p_value
wald,1.75,1.9166666666666667,-0.30151134457776363,0.3815123002764975
score,1.75,1.9166666666666667,-0.30151134457776363,0.3815123002764975
sqrt,1.75,1.9166666666666667,-0.29904875027766115,0.38245142458111053
