test,oak_lambda,grass_lambda,stat,p_value
wald,1.75,1.9166666666666667,-0.30151134457776363,0.6184876997235025
score,1.75,1.9166666666666667,-0.30151134457776363,0.6184876997235025
sqrt,1.75,1.9166666666666667,-0.29904875027766115,0.6175485754188895
