test,oak_lambda,grass_lambda,stat,p_value,post_hoc_power
wald,1.75,1.9166666666666667,-0.30151134457776363,0.6184876997235025,32.74432409670669
score,1.75,1.9166666666666667,-0.30151134457776363,0.6184876997235025,32.439347826086944
sqrt,1.75,1.9166666666666667,-0.29904875027766115,0.6175485754188895,33.489631596124866
exact-cond,1.75,1.9166666666666667,None,0.674206086395543,32.49855709312026
cond-midp,1.75,1.9166666666666667,None,0.6170040878776036,36.02900919008236
