test,oak_lambda,grass_lambda,stat,p_value
wald,3.6666666666666665,9.333333333333334,-5.4443572293729625,2.5996392782673457e-08
score,3.6666666666666665,9.333333333333334,-5.4443572293729625,2.5996392782673457e-08
sqrt,3.6666666666666665,9.333333333333334,-5.570942509856562,1.2668246480285699e-08
