test,oak_lambda,grass_lambda,stat,p_value,post_hoc_power
wald,1.2222222222222223,3.111111111111111,-5.4443572293729625,0.9999999740036072,23.84608676018035
score,1.2222222222222223,3.111111111111111,-5.4443572293729625,0.9999999740036072,21.757321428571423
sqrt,1.2222222222222223,3.111111111111111,-5.570942509856562,0.9999999873317535,26.27018076941841
exact-cond,1.2222222222222223,3.111111111111111,None,0.9999999903627071,23.672859974187663
cond-midp,1.2222222222222223,3.111111111111111,None,0.9999999825713147,27.177997077956935
