test,oak_lambda,grass_lambda,stat,p_value
wald,3.6666666666666665,9.333333333333334,-5.4443572293729625,0.9999999740036072
score,3.6666666666666665,9.333333333333334,-5.4443572293729625,0.9999999740036072
sqrt,3.6666666666666665,9.333333333333334,-5.570942509856562,0.9999999873317535
